{
  "project_info": {
    "project_number": "1067882631358",
    "project_id": "attendanceapp-8865f",
    "storage_bucket": "attendanceapp-8865f.appspot.com"
  },
  "client": [
    {
      "client_info": {
        "mobilesdk_app_id": "1:1067882631358:android:47940053851a06283e4eef",
        "android_client_info": {
          "package_name": "com.example.attendanceapps"
        }
      },
      "oauth_client": [
        {
          "client_id": "1067882631358-8s38phjdh98g96vrogifrv6upqptvi5b.apps.googleusercontent.com",
          "client_type": 3
        }
      ],
      "api_key": [
        {
          "current_key": "AIzaSyCJ3pUyAHWjjaoGZitZ5V7Va4uGcZ8rF2Y"
        }
      ],
      "services": {
        "appinvite_service": {
          "other_platform_oauth_client": [
            {
              "client_id": "1067882631358-8s38phjdh98g96vrogifrv6upqptvi5b.apps.googleusercontent.com",
              "client_type": 3
            }
          ]
        }
      }
    }
  ],
  "configuration_version": "1"
}